text,date
"On December 06, 1865, the 13th Amendment to the United States Constitution was ratified, officially abolishing slavery in the country. The scene takes place in the House of Representatives in Washington D.C., with a large crowd of people gathered to witness this historic moment. The main figures involved are President Abraham Lincoln, who had issued the Emancipation Proclamation two years prior, and Congressman James Ashley, who introduced the amendment.President Lincoln is dressed in a dark suit and top hat, standing at the front of the room with his hand resting on a podium. He appears solemn and determined, his face showing a mix of relief and sadness. Congressman Ashley stands next to him, wearing a black suit and holding a copy of the amendment in his hand. He looks proud and determined, with a hint of nervousness.The setting is a grand and ornate room, with high ceilings and large windows letting in natural light. The walls are adorned with American flags and portraits of past presidents. In the center of the room is a large wooden desk where the Speaker of the House sits, overseeing the proceedings. The room is filled with a mix of men and women, some dressed in formal attire while others wear more casual clothing. Many are holding signs and banners in support of the amendment.One notable object in the room is a large, framed copy of the Emancipation Proclamation, hanging on the wall behind President Lincoln. It serves as a powerful symbol of the progress that has been made towards abolishing slavery.The emotional tone of the event is one of hope and triumph, as well as a sense of somber reflection on the long and difficult journey towards freedom for all. The crowd is buzzing with excitement and anticipation, and there are tears of joy and relief on the faces of many. This moment is a turning point in American history, and the visual representation captures the significance and emotion of this pivotal event.",2023-12-06
"One significant historical event that happened on December 07 is the attack on Pearl Harbor in 1941. This event marked the entry of the United States into World War II.The main figures involved in this event were the Japanese military, who launched a surprise attack on the US naval base at Pearl Harbor, and the American soldiers and sailors who were stationed there. The Japanese military were dressed in traditional military uniforms, while the American soldiers and sailors wore their navy uniforms.The setting of this event was the harbor at Pearl Harbor, Hawaii. The harbor was filled with ships and naval vessels, including the USS Arizona, which was one of the main targets of the attack. The sky was filled with smoke and explosions as the Japanese planes flew overhead, dropping bombs and firing machine guns.One notable object that could be included in a visual representation of this event is the Japanese Rising Sun flag, which was prominently displayed on the planes and ships involved in the attack. This symbol would add to the emotional impact of the event, as it represents the aggression and power of the Japanese military.The emotional tone of this event would be one of chaos, fear, and devastation. The surprise attack caught the American soldiers and sailors off guard, and the destruction and loss of life that followed would have been overwhelming. The atmosphere would be tense and chaotic, with the sounds of explosions and gunfire filling the air. The visual representation of this event would convey the shock and horror of the attack, as well as the bravery and resilience of the American soldiers and sailors who fought back against the Japanese forces.",2023-12-07
"On December 08, 1980, former Beatle John Lennon was tragically shot and killed outside of his apartment building in New York City. The event shook the world and left fans and admirers in shock and mourning.The setting was the entrance of the Dakota, a grand and iconic apartment building on the Upper West Side of Manhattan. The building's ornate and Gothic architecture added to the somber atmosphere of the event.John Lennon, wearing his signature round glasses and a long black coat, was accompanied by his wife Yoko Ono, who was wearing a long white coat and a black hat. They were returning home from a recording session when they were approached by a man who asked for an autograph. Suddenly, the man pulled out a gun and fired four shots at Lennon, who fell to the ground.The main figure involved in this event was Mark David Chapman, the disturbed and obsessed fan who shot Lennon. He was wearing a dark coat and had a blank expression on his face as he was arrested by the police.The scene was chaotic and filled with emotion as fans and onlookers gathered around the entrance of the Dakota, crying and leaving flowers and candles as a tribute to the beloved musician. The mood was one of shock, disbelief, and sadness as the news of Lennon's death spread around the world.One notable object that could be included in a visual representation of this event is the iconic ""Imagine"" mosaic that was created in Central Park as a tribute to Lennon's message of peace and unity. This symbol, along with the image of Lennon's broken glasses, became a powerful symbol of the tragedy and the loss of a musical legend.",2023-12-08
"On December 09, 1987, the United States and the Soviet Union signed the Intermediate-Range Nuclear Forces Treaty (INF) in Washington D.C. The treaty marked a significant moment in the Cold War as it was the first time the two superpowers agreed to reduce their nuclear arsenals.The main figures involved in the signing were US President Ronald Reagan and Soviet General Secretary Mikhail Gorbachev. Reagan was dressed in a dark suit with a red tie, while Gorbachev wore a gray suit with a red tie and his signature birthmark on his forehead was visible. The setting was the East Room of the White House, with American and Soviet flags displayed behind the two leaders.The most notable object in the room was the large wooden table where the treaty was signed. The table was adorned with a vase of white roses, symbolizing peace and unity. The atmosphere in the room was tense yet hopeful, as the two leaders exchanged smiles and handshakes, signaling a new era of cooperation between the two nations.The emotional tone of the event was one of relief and optimism, as the world had been on the brink of nuclear war for decades. The signing of the treaty was a visual representation of the potential for peace and the power of diplomacy. It was a historic moment that would have a lasting impact on global politics and the relationship between the US and the Soviet Union.",2023-12-09
"On December 10, 1948, the United Nations General Assembly adopted the Universal Declaration of Human Rights, a landmark document that outlines the fundamental rights and freedoms that should be protected for all individuals. The event took place in the Palais de Chaillot in Paris, France, with delegates from all over the world in attendance.The main figures involved in this event were the representatives from the 48 member states of the United Nations, including Eleanor Roosevelt, who chaired the drafting committee for the declaration. The delegates were dressed in formal attire, with many wearing suits and ties, and some wearing traditional clothing from their respective countries.The setting was grand and ornate, with the Palais de Chaillot's large windows allowing natural light to flood the room. The walls were adorned with flags from different nations, symbolizing the unity and diversity of the United Nations.One notable object present was a large table at the front of the room, where the declaration was signed by the representatives. The document itself was also prominently displayed, with its bold title and signatures of the delegates.The emotional tone of the event was one of hope and determination. After the devastation of World War II, the world was coming together to declare that every person, regardless of race, gender, or nationality, has inherent rights that should be protected. The atmosphere was one of unity and solidarity, as the delegates stood together to affirm the importance of human rights for all. This event was a significant moment in history, and its impact can still be felt today.",2023-12-10
"On December 11, 1936, King Edward VIII of England abdicated the throne in a dramatic and emotional speech broadcasted on the radio. The setting was the royal residence of Fort Belvedere, with the king standing in front of a large fireplace adorned with a royal crest. He was dressed in a formal military uniform, with a red sash and a gold crown on his head. The atmosphere was tense and somber, as the king announced his decision to give up the throne for the woman he loved, American socialite Wallis Simpson.The main figures involved were King Edward VIII and his younger brother, the Duke of York, who would become King George VI after Edward's abdication. The Duke of York stood by his brother's side, dressed in a similar military uniform, with a look of concern and sadness on his face. The room was filled with other members of the royal family, dressed in formal attire, their faces reflecting a mix of shock and disbelief.One notable object in the room was a large portrait of Queen Victoria, a symbol of the long-standing monarchy and tradition that Edward was breaking. The emotional tone of the event was one of turmoil and sacrifice, as the king made the difficult decision to give up his crown for love. This event would forever change the course of British history and the monarchy, making it a significant and impactful moment to visually represent.",2023-12-11
"On December 12, 1915, the first all-Black musical revue, ""Shuffle Along,"" opened on Broadway at the 63rd Street Music Hall in New York City. The show, written and performed by African American artists, was a groundbreaking moment in American theater and a significant step towards racial integration in the arts.The main figures involved in the event were the show's creators, Noble Sissle and Eubie Blake, who were dressed in sharp suits and top hats, exuding confidence and pride. The cast, made up entirely of Black performers, wore colorful and vibrant costumes, reflecting the energy and excitement of the show.The setting was a grand theater, with ornate chandeliers and red velvet curtains, creating a sense of glamour and sophistication. The stage was adorned with a large banner featuring the show's title in bold, glittering letters.One notable object in the scene was a piano, played by Eubie Blake, which served as the musical centerpiece of the show. The piano was decorated with intricate carvings and had a prominent place on the stage, symbolizing the importance of music in Black culture.The emotional tone of the event was one of celebration and triumph. The audience, made up of both Black and white patrons, was captivated by the lively music, energetic dancing, and witty humor of the show. The atmosphere was electric, as people from different backgrounds came together to witness a historic moment in American theater.Overall, the visual representation of this event would be one of joy, pride, and progress. It would capture the diverse and talented cast, the grandeur of the theater, and the sense of unity and hope that ""Shuffle Along"" brought to the stage.",2023-12-12
"On December 13, 1937, the Nanking Massacre began in China during the Second Sino-Japanese War. The event was a six-week-long massacre and mass rape committed by the Imperial Japanese Army against the Chinese city of Nanking. The main figures involved were the Japanese soldiers, dressed in military uniforms and armed with rifles and bayonets, and the Chinese civilians, who were mostly dressed in traditional clothing.The setting was the city of Nanking, which was once the capital of China and a bustling metropolis. However, during the massacre, the city was in chaos and destruction, with buildings burning and bodies scattered on the streets. The most notable object in the scene would be the Japanese flag, which was flown over the city as a symbol of their conquest.The emotional tone of the event would be one of fear, terror, and despair. The Chinese civilians were defenseless against the well-equipped and ruthless Japanese soldiers, and the atmosphere would be filled with screams, cries, and the sounds of gunfire. The visual representation of this event would be impactful in showing the brutality and inhumanity of war and the devastating effects it has on innocent civilians.",2023-12-13
"On December 14, 1799, George Washington, the first President of the United States, passed away at his home in Mount Vernon, Virginia. He was 67 years old and had been suffering from a severe throat infection. The scene was somber and melancholic, with Washington's family and close friends gathered around his deathbed. Washington was dressed in a simple white nightshirt, his hair disheveled and his face pale and drawn. He lay on a four-poster bed, surrounded by candles and religious icons. The room was filled with the smell of burning incense and the sound of prayers being whispered. In the corner of the room, a portrait of Washington in his military uniform hung on the wall, a reminder of his leadership and bravery during the American Revolution. The atmosphere was heavy with grief and loss, as the nation mourned the passing of its beloved leader. The event marked the end of an era and the beginning of a new chapter in American history.",2023-12-14
"On December 15, 1791, the Bill of Rights was ratified by the United States, guaranteeing fundamental rights and freedoms to its citizens. The event took place in the Old Senate Chamber of the United States Capitol in Philadelphia, Pennsylvania.The main figures involved were the Founding Fathers of the United States, including George Washington, James Madison, and Thomas Jefferson. They were dressed in formal attire, with Washington wearing a black suit and powdered wig, Madison in a dark coat and breeches, and Jefferson in a blue coat and white wig.The setting was a grand and ornate room, with high ceilings and large windows letting in natural light. The walls were adorned with portraits of important figures in American history, and the room was filled with rows of wooden chairs for the attendees.The most notable object in the room was the large, handwritten document of the Bill of Rights, which was displayed on a podium at the front of the room. The document was adorned with the official seal of the United States and was surrounded by candles, symbolizing the importance and gravity of the moment.The emotional tone of the event was one of pride and hope for the future of the country. The Founding Fathers were seen with serious expressions, as they understood the significance of this moment in history. The atmosphere was filled with a sense of unity and determination as the attendees celebrated the protection of their rights and freedoms.",2023-12-15
"On December 16, 1773, the Boston Tea Party took place in Boston, Massachusetts, marking a pivotal moment in the American Revolution. The main figures involved were a group of colonists, dressed in traditional colonial attire, and members of the Sons of Liberty, a secret organization formed to protest British taxation policies.The setting was the Boston Harbor, where three British ships, the Dartmouth, the Eleanor, and the Beaver, were docked. The ships were adorned with British flags and symbols of the East India Company, the British company that had a monopoly on the tea trade.The colonists, fueled by anger and frustration over the Tea Act, which imposed taxes on tea imported to the colonies, boarded the ships disguised as Native Americans. They were armed with axes and hatchets, and their faces were painted with war paint, adding to the dramatic and rebellious atmosphere.As they boarded the ships, the colonists began to throw the tea chests overboard, symbolically rejecting British authority and taxation. The tea chests, marked with the East India Company's logo, were a powerful visual representation of the colonists' defiance and determination to fight for their rights.The emotional tone of the event was one of defiance and rebellion, as the colonists stood up against British oppression and asserted their independence. The Boston Tea Party became a symbol of resistance and a catalyst for the American Revolution, making it a significant event in American history.",2023-12-16
