value,date,text
"

On December 06, 1865, the 13th Amendment to the United States Constitution was ratified, officially abolishing slavery in the country. The event took place in the House of Representatives chamber in the United States Capitol building in Washington D.C.

The main figures involved in this event were President Abraham Lincoln, who had issued the Emancipation Proclamation two years prior, and Congressman James Ashley, who had introduced the amendment in the House of Representatives. President Lincoln, dressed in a black suit and top hat, sat in the front row of the chamber, while Congressman Ashley, wearing a dark suit and tie, stood at the podium addressing the House.

The setting was a grand and ornate chamber, with high ceilings, marble columns, and large windows letting in natural light. The walls were adorned with portraits of past presidents and important figures in American history. The atmosphere was tense and emotional, as the fate of millions of enslaved individuals hung in the balance.

One notable object in the room was the American flag, which hung prominently behind the podium. Its stars and stripes symbolized the unity and freedom of the nation. Another significant symbol was the gavel used by the Speaker of the House to call the session to order, representing the power and authority of the government.

As the vote was called, the emotional tone shifted from tension to hope and anticipation. When the amendment was passed with a two-thirds majority, there were tears of joy and relief from those in the chamber. The event was a pivotal moment in American history, marking the end of a dark chapter and the beginning of a new era of freedom and equality.",2023-12-06,NA
NA,2023-12-06,"On December 06, 1865, the 13th Amendment to the United States Constitution was ratified, officially abolishing slavery in the country. The event took place in the House of Representatives chamber in the United States Capitol building in Washington D.C.The main figures involved in this event were President Abraham Lincoln, who had issued the Emancipation Proclamation two years prior, and Congressman James Ashley, who had introduced the amendment in the House of Representatives. President Lincoln, dressed in a black suit and top hat, sat in the front row of the chamber, while Congressman Ashley, wearing a dark suit and tie, stood at the podium addressing the House.The setting was a grand and ornate chamber, with high ceilings, marble columns, and large windows letting in natural light. The walls were adorned with portraits of past presidents and important figures in American history. The atmosphere was tense and emotional, as the fate of millions of enslaved individuals hung in the balance.One notable object in the room was the American flag, which hung prominently behind the podium. Its stars and stripes symbolized the unity and freedom of the nation. Another significant symbol was the gavel used by the Speaker of the House to call the session to order, representing the power and authority of the government.As the vote was called, the emotional tone shifted from tension to hope and anticipation. When the amendment was passed with a two-thirds majority, there were tears of joy and relief from those in the chamber. The event was a pivotal moment in American history, marking the end of a dark chapter and the beginning of a new era of freedom and equality."
NA,2023-12-06,"On December 06, 1865, the 13th Amendment to the United States Constitution was ratified, officially abolishing slavery in the country. The event took place in the House of Representatives chamber in the United States Capitol building in Washington D.C.The main figures involved in this event were President Abraham Lincoln, who had issued the Emancipation Proclamation two years prior, and Congressman James Ashley, who had introduced the amendment in the House of Representatives. President Lincoln, dressed in a black suit and top hat, sat in the front row of the chamber, while Congressman Ashley, wearing a dark suit and tie, stood at the podium addressing the House.The setting was a grand and ornate chamber, with high ceilings, marble columns, and large windows letting in natural light. The walls were adorned with portraits of past presidents and important figures in American history. The atmosphere was tense and emotional, as the fate of millions of enslaved individuals hung in the balance.One notable object in the room was the American flag, which hung prominently behind the podium. Its stars and stripes symbolized the unity and freedom of the nation. Another significant symbol was the gavel used by the Speaker of the House to call the session to order, representing the power and authority of the government.As the vote was called, the emotional tone shifted from tension to hope and anticipation. When the amendment was passed with a two-thirds majority, there were tears of joy and relief from those in the chamber. The event was a pivotal moment in American history, marking the end of a dark chapter and the beginning of a new era of freedom and equality."
